department,fiscal_quarter,budget_usd
engineering,2024-Q4,556800.0
engineering,2025-Q1,573700.0
engineering,2025-Q2,591000.0
engineering,2025-Q3,608900.0
engineering,2025-Q4,627400.0
engineering,2026-Q1,646400.0
engineering,2026-Q2,666000.0
engineering,2026-Q3,686200.0
finance,2024-Q4,143200.0
finance,2025-Q1,147500.0
finance,2025-Q2,152000.0
finance,2025-Q3,156600.0
finance,2025-Q4,161300.0
finance,2026-Q1,166200.0
finance,2026-Q2,171300.0
finance,2026-Q3,176400.0
hr,2024-Q4,175000.0
hr,2025-Q1,180300.0
hr,2025-Q2,185800.0
hr,2025-Q3,191400.0
hr,2025-Q4,197200.0
hr,2026-Q1,203200.0
hr,2026-Q2,209300.0
hr,2026-Q3,215700.0
marketing,2024-Q4,505900.0
marketing,2025-Q1,521200.0
marketing,2025-Q2,537000.0
marketing,2025-Q3,553300.0
marketing,2025-Q4,570000.0
marketing,2026-Q1,587300.0
marketing,2026-Q2,605100.0
marketing,2026-Q3,905700.0
operations,2024-Q4,353200.0
operations,2025-Q1,363900.0
operations,2025-Q2,374900.0
operations,2025-Q3,386200.0
operations,2025-Q4,397900.0
operations,2026-Q1,410000.0
operations,2026-Q2,422400.0
operations,2026-Q3,435200.0
sales,2024-Q4,248200.0
sales,2025-Q1,255700.0
sales,2025-Q2,263400.0
sales,2025-Q3,271400.0
sales,2025-Q4,279600.0
sales,2026-Q1,288100.0
sales,2026-Q2,296800.0
sales,2026-Q3,305800.0
